Title,Price,Rating
Apple iPhone 13 (128GB) - Midnight,"₹51,999",4.5 out of 5 stars.
Apple iPhone 13 (128GB) - Green,"₹51,999",4.5 out of 5 stars.
Apple iPhone 15 (128 GB) - Black,"₹70,790",4.5 out of 5 stars.
Apple iPhone 13 (128GB) - Starlight,"₹51,999",4.5 out of 5 stars
Apple iPhone 15 (128 GB) - Blue,"₹70,790",4.5 out of 5 stars
Apple iPhone 14 (128 GB) - Blue,"₹62,800",4.5 out of 5 stars
Apple iPhone 13 (128GB) - Pink,"₹51,999",4.5 out of 5 stars
Apple iPhone 13 (128GB) - Blue,"₹51,999",4.5 out of 5 stars
Apple iPhone 15 Plus (128 GB) - Black,"₹80,999",4.5 out of 5 stars
Apple iPhone 14 Plus (128 GB) - Purple,"₹64,999",4.5 out of 5 stars
Apple iPhone 15 (128 GB) - Pink,"₹70,790",4.5 out of 5 stars
Apple iPhone 15 (128 GB) - Green,"₹70,790",4.6 out of 5 stars
Apple iPhone 13 (256GB) - Blue,"₹59,900",4.5 out of 5 stars
Apple iPhone 14 (128 GB) - Midnight,"₹62,800",4.5 out of 5 stars
Apple iPhone 14 (128 GB) - Purple,"₹62,800",4.5 out of 5 stars
Apple iPhone 13 (256GB) - Starlight,"₹59,900",4.5 out of 5 stars
